LONGITUDE,LATITUDE,2015,2016,2017,2018,2019
28.5277,-20.1959,0,0,0,0,0
31.03853035,-18.35294,6,1,0,3,5
29.81286,-18.9364,2,7,3,3,1
30.06749916,-17.37389,53,18,16,31,22
30.77088928,-19.83389,1,0,0,0,0
31.0023,-16.6736,351,451,424,348,557
29.78466,-18.92453,8,1,4,4,0
30.30805969,-16.10195,4411,1111,576,371,215
29.88167,-18.35528,0,0,0,0,0
31.0546,-17.8468,19,26,27,17,25
32.2322197,-20.87639,471,353,1100,439,221
32.36755,-18.97483,62,141,296,284,275
32.78583145,-20.03472,117,103,87,34,73
30.42028046,-16.89056,312,64,106,55,273
28.82638931,-16.52639,0,0,0,0,0
31.00105,-17.30145,200,63,80,53,96
29.50555992,-20.83492,4,6,0,3,1
31.0291,-17.7883,43,36,52,42,20
30.43861008,-17.03944,60,19,22,12,31
30.69277954,-16.52667,465,193,441,371,840
32.35144043,-19.30542,69,54,54,69,143
28.5154,-19.4522,1,0,2,2,0
32.30622101,-18.20478,414,86,111,75,91
31.85968,-16.36914,1309,361,1807,1117,1131
30.26968956,-19.97475,1,0,2,0,6
28.13474,-21.25769,0,0,0,2,4
31.77325058,-19.53564,11,30,92,15,42
30.39583015,-17.38333,51,23,21,19,25
29.87302971,-20.29022,0,0,0,0,0
31.12623024,-16.87747,98,85,55,26,120
29.90583038,-18.62444,0,0,0,1,8
28.33506012,-20.60611,0,0,0,1,0
31.0282,-17.8601,6,2,4,10,3
30.85577965,-18.25661,49,14,35,24,27
29.98760986,-22.20458,173,99,343,195,123
30.87218094,-17.52498,39,25,32,8,6
31.0243,-17.82,52,26,44,20,18
27.27332,-19.45289,0,0,0,1,0
30.67250061,-16.85667,71,52,56,42,65
30.47186089,-20.03367,7,2,23,9,5
30.58960915,-20.63389,5,5,17,14,3
31.7377,-19.05373,7,19,51,1,19
32.0012207,-19.37372,61,19,71,15,51
28.40613937,-21.48506,2,0,11,0,6
32.4892807,-19.25094,61,98,119,55,85
27.87091,-20.23436,0,0,0,0,1
31.60647011,-20.06703,275,190,338,168,101
31.33197975,-17.30967,0,0,0,0,0
31.32876968,-17.29005,864,139,120,72,134
31.33306,-17.32484,14,9,2,1,0
27.32666969,-17.63944,357,99,71,188,358
32.33853149,-19.97181,109,100,222,77,174
32.67343903,-19.79031,151,146,80,77,154
30.7191,-16.969,48,31,27,18,35
29.87599,-17.94313,10,5,0,19,2
28.90613937,-20.87447,5,0,0,1,1
30.40714073,-20.87094,6,0,8,6,5
32.60338974,-18.45428,45,34,43,43,64
30.75056076,-20.28386,11,2,15,9,6
31.34056091,-18.23686,8,11,9,2,3
31.97611046,-17.02083,703,726,1517,847,1057
31.54143906,-18.18464,11,8,7,5,6
31.55306053,-17.50075,306,117,109,7,30
31.40731049,-20.62272,312,105,965,592,99
30.26423,-21.23095,37,18,73,37,24
31.0657,-17.8399,0,0,0,0,0
30.5841,-16.9699,146,59,67,73,124
31.3212,-18.0801,48,26,36,11,10
30.04442,-18.22281,12,9,10,6,2
27.81193924,-20.1,0,0,0,1,0
30.38104,-20.6077,8,7,13,5,11
31.333,-17.3249,13,11,5,1,1
30.9354,-17.8912,103,60,95,39,44
31.43592072,-19.33897,50,42,98,53,81
32.63581085,-19.65556,427,322,301,89,275
32.0678215,-16.56635,151,203,1740,320,193
32.80686188,-19.20719,4812,1341,2074,1391,1727
30.49056053,-18.69722,34,5,25,63,53
29.20446968,-21.46747,4,3,21,8,5
31.78725052,-16.56939,524,118,699,368,274
30.58551979,-16.57822,310,212,44,103,102
31.4387207,-20.10544,41,31,73,44,46
31.27388954,-19.13572,1,2,1,2,1
32.43558121,-19.35569,74,132,241,66,128
31.2348,-17.8451,123,173,128,52,44
32.7883606,-19.54161,0,0,0,0,30
30.46363,-19.2211,0,0,0,0,0
30.23944092,-20.67058,4,6,10,4,3
31.20216942,-16.167,1730,886,2457,1358,1848
29.84527969,-18.07833,9,18,8,3,15
28.30027962,-16.84167,12,19,50,102,23
32.47256088,-19.93394,74,116,407,113,210
32.1689415,-19.68356,72,40,114,42,140
30.39763069,-15.70058,2565,1497,1871,771,591
31.35243988,-19.17197,1,6,1,3,6
31.33643913,-18.17086,13,15,7,9,6
32.15361023,-17.17356,4099,1252,1500,569,362
32.80675125,-19.83536,24,54,39,10,45
30.85639,-20.29011,2,3,2,5,3
30.50114059,-22.05558,100,46,372,193,32
31.15414047,-20.43461,47,55,73,81,35
31.11017036,-16.5185,852,1331,933,561,1976
32.55456162,-19.66983,9,20,21,8,25
29.75499916,-17.92028,0,1,1,0,3
30.14555931,-18.13611,4,8,1,3,5
30.14944077,-18.12861,32,25,22,31,28
29.11277962,-18.21611,1,1,1,4,3
30.55322075,-19.80483,0,0,0,0,1
31.88508034,-19.80603,11,28,39,30,37
31.035245,-19.843855,3,3,12,1,0
32.3373909,-19.61906,37,70,373,149,381
30.6613903,-18.09583,0,0,0,0,0
31.339,-16.7034,494,325,291,193,414
32.30083084,-20.46417,395,214,713,275,129
29.19194031,-17.14833,584,133,45,47,125
31.5668602,-17.08352,441,124,135,44,131
30.96166,-16.80012,84,73,70,32,96
31.05616951,-16.02513,2816,547,2986,763,978
31.9347496,-18.82058,32,16,21,5,2
32.62211,-17.45294,1301,150,554,347,500
29.06433,-17.12012,2,6,6,1,2
30.55810928,-20.45081,0,3,3,5,1
31.71972084,-18.85983,29,10,14,1,6
30.20046997,-20.15394,5,0,5,0,0
31.55051994,-16.87733,254,129,170,160,212
30.56088066,-16.00798,2557,448,1743,646,246
32.64107895,-18.96889,225,135,596,154,237
30.70000076,-18.47028,5,6,1,0,1
30.30253029,-19.81733,0,0,1,1,0
32.15671921,-18.90203,21,63,85,17,39
31.33930969,-21.67494,376,182,1378,776,327
32.2507,-17.39984,911,771,305,420,344
30.19444084,-17.39,34,39,20,10,25
32.49777985,-20.43694,917,205,428,142,180
32.50703049,-17.72186,331,126,37,13,18
31.8404,-17.223,168,155,229,226,143
31.86856079,-20.0005,219,100,396,289,220
32.93732834,-19.72056,325,552,365,174,238
31.91749954,-19.04894,14,9,54,7,58
31.48586082,-17.55206,999,1151,302,28,21
32.57313919,-19.85436,42,13,35,8,21
31.09124947,-22.31725,103,29,804,193,59
32.30678177,-19.33714,65,53,49,36,92
29.9564209,-19.5555,5,2,7,3,1
32.78955841,-17.20656,1030,760,2369,537,1334
31.6558609,-21.22336,1038,641,2244,2453,488
32.56536865,-16.65597,264,271,586,507,460
32.8576,-19.81937,210,79,175,170,285
31.8042202,-19.47289,21,3,46,3,3
30.50610924,-20.94306,19,10,34,19,18
31.15019035,-18.40128,2,3,3,2,0
32.12905121,-16.63128,296,114,410,394,400
32.1282,-16.6383,138,294,241,176,123
31.60614014,-19.67189,5,18,79,40,57
32.50730896,-16.96742,314,363,869,319,596
32.57098,-18.57828,0,3,0,4,1
31.18456078,-17.57161,83,82,115,44,62
32.10519028,-17.23619,904,318,229,226,100
28.07500076,-17.19472,9,13,24,15,12
31.19017982,-16.92892,158,75,38,21,74
32.55430985,-16.86803,482,415,1061,405,629
31.61894035,-21.41761,266,56,375,388,184
29.78660965,-20.72236,14,0,7,4,5
30.35557,-18.44847,13,9,11,3,9
32.50246811,-18.03619,492,118,132,129,89
29.43693924,-17.21556,64,197,20,7,33
30.19376,-17.36,66,59,34,39,42
30.20889091,-17.36222,66,59,9,23,48
30.20806,-17.34913,20,1,1,2,3
30.17167,-17.35684,6,1,3,0,2
25.82583046,-17.94528,19,6,7,9,10
31.55583,-20.30689,63,22,116,90,26
32.02244186,-18.67194,13,16,13,27,9
32.3608284,-20.91722,698,490,1340,1877,736
31.20588,-16.58268,420,593,502,326,813
31.48505974,-19.50567,607,141,155,116,311
32.289355,-18.143585,502,104,232,92,100
31.35627937,-17.83503,102,210,140,91,18
32.20046997,-18.18653,31,26,74,19,0
31.2404995,-18.32094,20,6,16,8,2
31.35515022,-17.31758,206,121,45,33,32
32.3533287,-20.26306,139,136,297,65,90
31.63982964,-18.00653,46,27,40,9,19
32.7040596,-19.32369,299,575,274,395,463
32.28535843,-19.17347,66,101,51,28,67
31.93416977,-17.22472,86,108,182,75,87
31.34071922,-20.06892,22,15,46,12,13
32.61917114,-20.19583,157,223,320,131,151
32.625347,-20.19111,430,284,457,237,306
31.79128075,-20.836,463,576,1630,1069,209
31.6841,-17.2431,1263,478,679,499,498
30.72571945,-16.77972,54,14,8,9,40
30.1241703,-17.68167,6,5,2,0,1
31.67089081,-20.56889,301,135,810,711,157
31.67321968,-21.036,545,463,2776,2615,980
28.5988903,-17.54417,106,53,177,415,161
32.608623,-20.276047,413,212,81,58,76
29.42056084,-17.97611,15,14,1,0,1
30.18000031,-21.11611,33,2,43,19,18
31.16135025,-17.45422,109,164,153,9,11
30.10330963,-19.67347,1,1,3,1,0
31.91802979,-19.88528,162,63,71,80,46
32.00093842,-19.45672,19,20,76,6,24
28.86055946,-16.04389,146,126,118,56,72
30.61864,-16.34884,450,278,1015,221,157
32.88586044,-19.90414,0,0,0,0,0
31.60021973,-17.20986,626,183,97,63,108
32.40555954,-19.603,41,67,219,111,249
25.95471954,-18.01361,6,17,16,6,1
32.35824966,-16.95819,181,246,787,515,535
32.48403168,-19.12181,164,368,250,130,141
32.68661118,-19.13406,588,445,818,282,387
31.20241928,-19.90722,5,2,17,7,11
31.85453033,-20.20817,42,43,295,308,34
31.88652992,-17.67478,95,23,6,12,21
28.45111084,-18.19778,2,0,0,0,5
31.78360939,-17.45139,28,37,18,24,48
32.78974915,-18.55269,67,60,130,47,117
32.62313843,-19.34144,196,188,141,145,203
32.62321,-19.32544,0,1,1,1,1
31.8661,-17.5234,59,29,28,28,25
31.9116,-17.5988,193,177,142,62,91
32.15139008,-21.10053,1055,402,1200,1254,698
31.61733055,-19.50175,627,608,397,317,383
30.55571938,-16.27722,335,237,643,337,440
32.07389069,-16.94528,888,611,2399,636,736
31.0628,-18.0176,84,40,41,52,77
31.07164001,-18.01744,378,751,387,99,87
32.28713989,-17.00475,485,723,1669,688,520
29.34943962,-17.31583,89,64,109,432,164
30.60416985,-18.17944,3,3,6,0,3
31.34956932,-17.46283,230,69,70,18,20
30.03055954,-17.66528,18,9,0,4,6
30.9027195,-19.01814,12,7,9,4,6
30.90644073,-19.00511,16,12,25,18,28
30.9065,-19.00511,0,0,0,0,1
30.68786049,-20.39058,25,13,47,29,23
30.55755997,-20.35531,4,5,6,6,3
30.50655937,-20.31897,38,26,31,22,8
31.3592205,-17.32222,758,245,74,61,65
31.57185936,-17.15781,927,454,908,815,855
31.98941994,-19.23839,23,382,1509,1053,1671
32.25064087,-19.03914,43,20,60,15,23
31.88455963,-19.22269,39,27,68,12,12
30.83930969,-19.63397,6,4,7,5,4
30.50447083,-19.55183,1,0,6,6,3
30.57250023,-21.13972,28,15,77,41,40
32.01939011,-20.98369,946,591,2094,1495,447
31.29052925,-21.53381,157,80,658,355,151
31.0093708,-17.6095,52,26,50,10,18
29.99334,-19.65205,0,1,1,2,0
29.64249992,-16.39278,919,1049,314,247,411
32.70164,-18.32787,43,9,4,10,22
32.72721863,-20.10889,71,44,70,24,57
29.22178078,-21.0035,0,0,2,1,1
30.94342995,-17.38715,288,111,52,38,58
28.5087,-20.0798,7,9,6,6,2
31.82746,-17.96305,39,15,30,12,17
31.20742035,-17.95506,14,5,6,4,7
30.82729,-17.39259,0,0,0,8,11
30.94111061,-17.94139,0,0,0,0,0
28.4149,-20.3311,0,0,0,2,0
28.66666985,-18.79722,1,0,0,4,0
31.47324944,-21.33969,533,322,755,670,199
31.08856,-16.14613,1011,471,743,434,539
31.28635979,-19.37464,16,1,19,0,2
31.08111954,-17.19515,252,23,52,3,17
27.86916924,-18.44889,9,1,7,4,9
31.68605995,-17.50764,114,65,24,16,16
32.6001091,-19.00678,396,155,377,314,220
31.32369041,-19.10703,8,8,1,2,3
30.54888916,-17.72028,23,30,11,5,7
31.13387,-17.27463,530,933,27,9,17
31.23349953,-22.26981,189,77,1270,244,111
31.11667061,-16.7295,336,527,637,303,610
30.12888908,-18.14167,1,0,0,0,0
30.43564034,-20.47203,1,1,2,3,1
28.82028008,-17.78917,666,437,1679,547,541
29.10292053,-18.70764,0,1,0,0,0
30.51683044,-19.77036,2,0,0,4,1
31.18907928,-19.28422,5,1,4,7,13
31.03632927,-17.95647,3,6,1,1,2
29.94249916,-16.50056,1086,354,233,412,437
26.85831,-18.62354,15,0,2,6,1
26.86778069,-18.61583,6,1,3,5,15
29.03146,-17.02504,272,155,121,49,90
32.4641,-16.7837,583,416,966,275,418
31.38666916,-19.66761,11,5,17,10,9
32.12055969,-19.95322,77,71,199,140,97
31.95138,-20.247192,186,106,251,281,111
31.78936005,-18.38519,68,28,37,24,20
26.73749924,-18.38,9,8,18,5,20
32.08778,-16.88,520,416,1245,869,842
27.80888939,-20.5025,1,0,0,2,0
30.39002991,-22.22214,85,21,281,171,65
27.406,-19.4999,2,0,8,0,4
30.24221992,-16.75889,155,66,144,102,114
32.43803024,-18.35139,28,16,13,22,17
27.62221909,-20.40417,0,0,0,0,0
31.13871956,-17.60214,30,19,17,26,18
31.56706047,-18.18722,29,31,38,11,22
31.9716,-17.7698,246,55,139,91,133
29.62888908,-18.50778,3,1,28,5,5
30.59693909,-18.68278,1,1,1,1,0
27.44719,-18.40378,8,6,5,14,10
30.95695,-16.9492,77,46,63,37,81
29.50744057,-18.607,1,0,3,2,0
28.90630913,-18.76897,1,0,0,1,0
32.52222061,-19.07036,169,143,464,148,94
29.35702,-16.71696,242,270,116,112,176
31.7682209,-19.05431,1,8,10,1,0
29.81333,-19.95071,0,0,1,1,3
31.80269051,-18.52369,19,9,8,9,5
28.5674,-20.1898,7,3,2,2,0
32.70662,-18.76903,2,3,11,1,10
30.70710945,-19.41889,0,0,0,0,0
29.98372078,-22.20681,70,23,130,78,29
32.38531113,-18.42167,46,26,22,3,25
31.4039402,-22.21711,421,111,1534,540,262
32.96813965,-18.34042,671,353,470,316,463
31.0861,-17.8256,0,0,0,0,0
28.545,-20.1433,4,3,3,4,0
28.67786,-20.40312,0,0,0,0,0
25.82613,-17.91214,3,0,0,0,0
32.78955841,-17.60311,1596,327,795,517,494
28.5249,-20.1185,26,4,5,5,3
27.82110977,-20.77917,0,0,0,0,0
27.90278053,-20.70778,0,0,0,0,0
26.5008297,-18.34972,140,20,27,30,16
28.5435,-20.1207,3,7,12,3,7
31.1395,-17.8994,103,49,77,49,50
31.1271,-17.8795,93,66,119,58,85
32.27172089,-18.23656,183,58,86,54,91
32.70222092,-18.3835,29,25,25,5,13
28.90357971,-20.40247,0,1,0,0,2
28.93678093,-20.28347,1,1,3,10,5
29.07592,-18.84766,1,0,0,0,0
28.88582993,-18.91583,2,0,0,1,2
30.38611031,-17.79944,14,8,14,4,10
27.414,-18.74072,1,0,9,4,2
31.35101,-20.68621,74,31,244,140,47
32.65113831,-19.03792,180,249,334,38,50
29.28667068,-20.54033,4,3,4,8,2
28.89417076,-19.9675,1,2,0,2,0
32.62335968,-18.93539,0,0,0,0,0
32.65243912,-18.97078,51,53,169,29,41
32.99074936,-17.33472,1451,1111,2643,1633,2396
31.27804947,-17.2132,3043,328,47,39,92
30.9546,-17.0488,138,79,42,28,31
31.33197975,-17.30967,1,11,1,0,4
28.25848,-20.67242,0,0,0,0,0
28.86027908,-16.78361,113,97,74,53,62
32.95471954,-18.10139,362,313,194,138,283
31.43643951,-19.10203,17,16,9,3,12
31.26761055,-18.72261,5,2,7,1,8
31.81698,-19.9153,31,42,82,39,56
31.53463936,-18.7085,62,1,6,3,12
31.40218925,-19.20661,3,9,13,1,4
28.98773,-21.16676,3,0,6,6,4
30.51238,-20.0236,0,2,2,0,1
32.81785965,-18.52333,109,85,121,86,124
31.80962,-20.53792,123,80,398,732,136
28.73389053,-18.26167,19,12,0,0,2
32.63943863,-20.19194,340,299,269,94,111
31.15553093,-22.10286,203,53,600,302,106
31.4236,-17.4394,2267,71,39,34,41
30.969,-17.9058,60,47,48,33,24
30.9508,-17.908,79,60,61,52,52
29.52222061,-17.61778,41,15,12,8,24
31.35333061,-19.05353,3,4,9,9,6
28.92499924,-18.21139,22,31,18,16,26
29.7930603,-18.22306,16,7,10,6,5
31.53335953,-19.23786,9,14,12,5,32
29.45247078,-18.76839,3,0,3,3,3
28.22360992,-18.84139,9,0,0,2,3
31.90127945,-18.89328,14,3,27,11,18
30.83333015,-16.08695,804,128,1135,168,501
31.51667023,-16.91667,167,53,121,67,126
30.72999954,-18.42417,4,1,2,0,0
28.89694023,-17.85194,10,6,9,7,34
31.3597,-17.8672,1,1,1,0,1
31.78155,-17.55378,25,19,27,11,26
30.65777969,-16.58639,426,80,94,109,263
32.67319107,-17.71917,1007,389,586,206,172
31.80672073,-18.72842,10,4,26,22,9
31.45557,-18.65151,17,5,32,4,1
32.33406067,-18.08644,484,75,82,39,61
32.86700058,-17.18619,892,992,2826,1669,3381
31.50502968,-18.18478,0,0,0,0,0
30.15505,-16.68228,566,99,326,240,398
31.1291,-17.8105,0,0,0,0,0
30.21932983,-20.39072,0,0,0,2,1
32.40428162,-19.86911,32,38,149,29,34
28.5902195,-20.45719,0,3,0,0,2
28.90527916,-17.40972,48,12,14,13,36
30.00278091,-19.18781,3,3,0,1,0
30.52416992,-19.87314,4,3,2,0,0
30.08336067,-19.88494,2,1,1,4,1
28.88731003,-21.45617,3,0,4,2,7
31.14068985,-20.00739,13,8,25,3,11
32.30699921,-19.87439,54,55,85,35,65
30.90313911,-19.77056,1,10,7,1,2
30.48756027,-19.63519,0,1,0,0,0
30.70222092,-16.67111,437,219,243,255,451
30.7032,-16.6628,43,12,32,90,52
32.65293884,-18.74136,56,31,85,18,65
32.61811066,-19.37139,693,544,492,292,402
31.21805954,-19.65678,7,3,9,6,16
31.15007973,-19.65761,29,37,95,31,63
31.05475044,-20.62497,15,9,69,40,33
28.96777916,-19.21444,1,0,0,0,0
29.00005913,-20.95786,25,12,21,11,8
29.24167061,-18.26278,4,1,3,9,4
30.38903046,-19.78753,2,0,0,4,0
30.06847,-20.95372,2,3,10,8,0
29.69050026,-20.40542,5,2,8,0,4
30.85832977,-17.67694,4,2,4,4,2
28.70889091,-18.66306,3,1,0,2,2
32.66249847,-20.53,436,601,487,351,286
29.83908081,-19.47222,0,0,0,0,0
32.17253113,-19.2565,43,50,52,16,42
28.95606041,-20.32064,1,1,0,1,1
30.62450027,-19.85431,0,0,1,0,2
30.16764069,-19.65592,4,0,0,1,0
32.47261047,-18.60322,8,7,9,3,15
31.0128,-17.8609,321,286,299,125,388
31.27368927,-20.40028,56,35,135,97,47
31.1075,-17.6974,154,92,128,54,61
31.0864,-17.8787,52,45,51,17,13
32.85083008,-18.502,806,581,423,450,670
32.85197067,-18.49153,392,390,187,85,142
32.03989029,-18.28597,425,102,280,74,107
30.97216988,-17.59243,88,31,37,35,46
29.53778076,-16.86944,72,70,6,19,96
30.9945,-17.8846,69,38,48,23,32
31.0891,-17.7997,0,0,0,0,0
31.0856,-17.8187,82,33,50,46,17
27.30167007,-20.145,0,0,3,0,0
31.6511097,-21.07347,334,339,1605,2336,2899
30.69062996,-17.29543,36,5,6,5,10
30.59094048,-19.56742,4,3,6,1,4
29.77916908,-17.69417,17,15,15,11,14
30.48453,-18.1878,11,4,0,2,3
28.55385971,-21.25589,1,1,0,0,1
32.76974869,-18.60322,99,59,82,36,73
30.99,-17.9249,61,27,85,38,50
28.78455925,-20.30364,7,2,9,3,1
30.99430084,-17.56592,218,47,21,18,22
31.30266953,-16.357,1171,788,2975,1392,1880
32.15555954,-17.56853,536,431,163,104,76
32.25149918,-17.76861,598,658,438,454,335
31.53725052,-20.05172,0,20,35,17,12
28.53249931,-17.98611,4,2,4,3,0
30.70000076,-17.85778,0,0,0,0,0
27.46556091,-19.89528,0,3,0,1,3
32.48556137,-20.82556,336,171,1324,1067,391
26.5022,-18.3582,18,11,40,24,24
30.95999908,-16.32367,739,1105,2010,782,827
31.52172,-18.50209,20,11,27,3,3
31.62410927,-18.46728,54,22,25,20,12
28.07416916,-19.66111,7,0,0,0,1
30.10207939,-20.86708,2,1,8,1,0
32.72091,-18.91068,29,24,0,5,28
30.38619041,-20.58697,10,1,14,5,3
28.5766,-20.1797,0,0,0,0,0
27.87083054,-21.11917,0,0,2,0,1
30.71833038,-17.67083,3,2,6,4,2
28.32722092,-19.49306,0,2,0,0,1
28.85610962,-19.685,7,2,5,4,10
31.06539917,-17.44133,22,14,14,7,7
29.08530998,-20.52311,0,0,0,0,1
28.54944038,-19.46111,1,0,0,0,0
28.95332909,-18.01806,3,0,3,8,23
29.87825,-18.34778,0,0,0,0,0
26.22750092,-18.05222,17,14,9,16,10
30.03360939,-17.73194,5,2,3,0,0
29.93413925,-20.85536,12,6,27,11,2
32.08956146,-17.75797,386,147,78,81,65
31.45138931,-20.42467,128,54,164,213,47
32.67972183,-20.52528,626,1201,926,523,492
29.32280922,-21.05517,0,0,0,0,0
31.26786041,-20.30397,40,17,43,30,15
31.22244072,-20.26978,29,7,45,22,18
27.73860931,-19.49333,0,2,2,0,0
31.20145035,-16.83293,42,46,60,20,56
28.25749969,-18.345,0,0,4,1,7
31.3847,-17.7223,21,9,21,23,26
30.28710938,-19.68503,2,2,0,0,0
32.70233154,-18.63772,80,85,121,67,92
29.44861031,-18.06917,8,2,2,10,3
31.13467026,-18.05411,17,10,23,13,16
27.55833054,-18.73056,10,1,18,6,9
32.78416824,-20.16056,1099,1086,1433,171,250
30.07344055,-19.1395,0,0,0,0,1
30.50264931,-16.63361,406,85,237,258,443
31.7797,-17.8838,114,53,82,18,50
29.91167068,-18.33083,33,19,15,9,16
31.73699951,-17.78822,131,68,68,37,36
28.9383297,-17.50028,46,25,23,5,57
32.25278091,-16.84306,343,165,915,486,432
28.77222061,-21.60386,1,1,14,3,0
28.76333046,-17.7375,29,19,70,217,207
31.55252075,-16.31861,767,415,1257,725,922
27.05971909,-18.315,10,4,53,26,11
31.7326,-17.6268,53,48,36,17,58
32.86796951,-17.78936,1310,650,982,634,682
30.9683,-17.8581,51,34,67,14,30
29.35861015,-17.47306,43,30,25,22,37
28.51582909,-18.55583,11,1,1,1,1
27.97777939,-18.30444,5,7,2,5,7
28.99527931,-16.91528,565,388,334,103,144
26.31110954,-18.01694,24,12,7,15,15
27.51749992,-19.26056,0,0,0,0,0
29.40833092,-17.06583,63,92,12,10,47
32.48,-17.3735,3470,1295,702,473,610
32.75218964,-17.01956,474,165,841,704,445
31.83955002,-16.65555,221,168,412,223,234
28.79166985,-16.52028,16,12,5,8,9
32.01472092,-17.31306,276,408,201,135,136
29.68778038,-16.81528,794,443,82,87,217
29.6427803,-16.47806,262,336,92,67,106
29.87722015,-17.03111,342,410,89,39,238
28.50133,-17.22925,219,152,399,567,367
30.66832924,-17.8825,48,25,16,6,16
31.38008,-16.8692,180,79,157,98,142
33.03453064,-18.37128,671,597,1176,1170,1878
32.00347137,-18.72456,28,9,29,24,30
32.15468979,-17.40781,1369,268,193,139,125
32.26708,-17.17914,804,957,574,290,90
32.35289001,-17.21972,1040,269,364,396,345
29.83555985,-16.55917,852,973,200,210,386
30.11608,-17.7538,3,5,7,1,1
30.44222,-16.63607,119,69,79,116,285
29.60499954,-17.47306,34,28,17,6,11
28.4580307,-20.91947,3,1,4,1,0
28.399,-20.0654,2,4,2,0,0
29.04724,-19.85475,0,0,0,1,0
32.65636063,-16.90114,92,188,612,93,110
32.38528061,-20.39806,487,398,904,578,911
32.77000046,-20.32139,2613,130,112,25,61
29.58897018,-20.98397,0,0,8,0,0
32.67282867,-17.00811,769,291,788,543,505
32.66936111,-16.98928,238,128,484,405,238
32.3095,-17.2546,1265,399,258,136,99
31.48925018,-17.67219,1001,1210,542,25,24
29.37194061,-18.45028,4,0,2,7,3
31.37047005,-17.82031,154,147,170,123,16
28.90706062,-20.62233,0,0,0,0,0
31.2219696,-18.07236,41,32,64,12,32
31.6699,-18.1544,61,32,46,13,17
32.02027893,-17.62114,382,248,151,66,139
30.42000008,-17.73944,16,4,5,8,11
30.9285,-17.8323,135,80,98,85,56
30.39472008,-17.37639,33,36,11,6,34
29.03027916,-17.9075,16,8,2,5,19
29.82374954,-18.93572,15,33,39,15,19
27.3283,-19.94806,0,1,0,0,1
27.5874,-20,0,3,1,0,2
30.18531036,-19.33514,0,1,0,1,7
30.90024948,-18.06819,9,5,4,0,4
31.15356064,-19.18906,0,0,1,0,2
29.46661,-16.75765,148,134,69,41,120
32.28185,-18.87699,91,38,101,61,68
29.96793,-18.02337,12,10,8,5,5
29.54042053,-19.38747,1,2,1,2,2
27.19194031,-17.94944,10,15,11,21,2
28.41222,-19.26389,4,0,0,1,0
26.62778091,-18.36056,58,25,84,71,51
26.22833061,-18.04444,7,12,10,10,16
30.78166962,-20.8975,101,18,168,117,46
30.01794052,-20.25819,5,1,4,3,5
27.90361023,-18.78333,5,4,9,3,2
27.77194023,-18.93528,7,3,0,6,6
26.96417046,-18.51278,2,2,4,4,1
28.78025,-21.01852,0,0,6,0,0
31.38554,-18.433,8,1,13,4,4
27.86222076,-18.06833,34,32,13,24,26
28.5118,-20.1137,8,2,6,1,3
30.52421951,-19.40619,2,0,1,1,0
29.45083046,-16.59806,74,113,53,49,79
27.0702,-18.5721,2,0,0,4,4
30.0866909,-20.15469,8,1,6,1,2
30.9987,-17.7914,46,47,47,33,36
29.43983078,-19.29136,0,0,0,0,0
29.45292091,-20.93906,1,0,1,0,1
31.1841,-17.8389,156,155,171,96,92
31.1971,-17.8357,34,23,35,13,16
31.16200066,-16.35067,751,922,1220,590,717
31.85560989,-18.15306,356,87,212,85,97
27.75333023,-20.81444,0,0,0,0,0
31.10038948,-19.11844,4,0,0,1,0
30.32361031,-20.05228,1,1,1,1,4
31.65402985,-17.47419,255,73,77,38,54
29.30513954,-19.27042,0,3,0,1,2
32.31187,-17.14878,568,123,262,157,119
27.44333076,-20.15111,0,0,0,3,0
27.50806046,-19.77528,2,4,0,0,0
31.65630913,-19.43503,15,24,36,22,36
31.53878021,-16.92558,636,440,704,393,869
31.65505,-17.06193,623,340,506,355,510
30.51416969,-18.74611,5,2,1,2,0
31.16789,-20.3274,16,10,50,29,22
31.35021973,-19.75803,23,5,25,12,42
28.5084,-20.1369,4,0,2,3,4
28.4951,-20.1222,0,0,0,0,0
32.39283,-21.25018,1254,691,2524,990,1002
30.73527908,-16.38389,437,269,587,378,359
26.95222092,-18.73167,2,2,2,5,2
31.38452911,-19.83931,15,6,16,9,21
28.3468,-19.3774,0,0,0,0,0
29.69067001,-21.50331,27,22,106,47,11
32.62403107,-17.28722,805,283,970,446,529
29.93680954,-22.13792,30,19,91,54,19
31.34011078,-21.45361,137,75,404,176,68
31.40163994,-18.20086,15,11,4,9,11
31.83481026,-19.02697,47,20,64,16,47
29.56883049,-19.38919,0,0,0,1,0
29.93444061,-20.20569,2,1,3,6,0
27.64581,-19.93546,0,1,0,0,0
27.26861,-19.90611,0,1,0,1,0
30.5491,-21.90371,36,21,163,92,40
32.38877869,-18.61997,105,58,241,136,80
31.06069946,-17.02938,30,102,18,9,26
32.47161102,-17.26753,3896,799,1449,1324,676
31.27318954,-17.54042,90,133,86,36,44
29.99906,-19.67596,2,2,7,8,5
30.23636055,-20.98544,22,3,6,2,8
28.75638962,-20.96919,1,2,2,2,1
31.42019081,-22.07142,501,198,2064,593,248
29.12324905,-19.00353,0,1,1,0,0
28.28471947,-21.47833,0,0,0,0,1
32.63513947,-19.28447,296,146,160,76,89
28.99114037,-21.57014,8,1,10,8,9
29.36194038,-15.72139,0,0,0,0,0
30.06003,-20.30589,20,4,12,14,5
31.25575,-16.889,234,111,91,62,156
28.35582924,-18.12194,2,5,0,4,7
29.4228096,-19.37181,0,0,0,1,0
31.31217003,-17.39605,295,151,71,18,58
28.37944031,-18.45833,5,6,2,3,1
31.0427,-17.9908,38,17,12,14,19
30.9954,-18.8642,4,3,1,0,2
30.52305985,-18.60722,1,1,0,0,1
31.89611053,-17.36028,91,87,95,47,47
28.60222054,-18.14722,25,2,0,4,13
30.46833038,-18.8175,3,1,4,4,0
32.34027863,-20.77556,328,178,767,312,154
30.87352943,-20.40011,1,0,7,0,3
29.91963959,-20.08956,15,13,20,27,6
32.65219116,-18.78369,24,28,29,20,31
32.40510941,-18.00294,658,75,121,96,77
28.90015,-21.57018,4,1,5,0,1
28.47435951,-21.07378,6,4,4,1,9
28.5009,-20.1825,2,20,3,4,4
31.98500061,-17.03667,532,445,1023,460,324
30.31583023,-21.14583,38,15,65,49,69
32.27425003,-19.25336,68,246,186,90,198
31.7067,-17.3899,106,62,30,28,79
30.39756,-21.20691,19,1,55,48,21
30.8036,-18.0727,22,10,5,9,3
30.01932907,-19.87072,0,0,1,1,0
30.9959239,-17.7565991,51,38,43,18,12
28.5658,-20.1374,0,0,0,0,0
31.53450012,-18.20553,196,130,101,82,123
31.5907,-18.1566,18,19,17,6,12
31.52099991,-20.00053,19,5,19,10,26
32.93402863,-19.76719,0,0,0,0,0
28.09361076,-20.4725,2,0,4,2,3
32.52962875,-16.67677,149,124,272,244,212
29.22999954,-16.73611,1330,1561,325,148,349
32.57027817,-17.03969,435,129,899,472,629
31.25441933,-18.9075,5,2,2,5,1
31.10333061,-18.41806,4,2,3,0,1
29.66699982,-20.98667,14,5,32,15,2
32.42430878,-19.43903,59,42,155,76,124
32.25447083,-17.10814,486,536,1410,682,234
27.53517,-20.13567,0,1,0,0,0
29.58650017,-21.93431,33,17,96,51,18
28.95038986,-21.66825,1,6,18,10,10
31.8225,-17.2751,145,137,159,129,101
28.79750061,-17.2725,51,33,50,26,43
31.75057983,-20.50519,125,79,472,329,118
29.54166985,-16.44056,176,163,41,57,52
31.68660927,-18.35392,17,16,2,2,3
30.37121964,-20.40044,2,2,6,1,3
30.32999992,-17.81111,7,6,0,4,3
28.6291,-20.59,1,0,0,0,0
30.16666985,-16.16667,682,335,282,133,196
30.89067078,-16.31323,696,512,910,910,913
28.40250015,-18.00333,4,3,2,2,26
30.83191,-20.08477,0,0,0,1,0
30.83913994,-20.07272,61,42,110,78,69
30.86269,-20.10285,0,2,0,1,2
30.05999947,-19.21278,0,0,1,5,0
31.85693932,-18.70275,11,9,25,5,10
30.19042015,-20.84119,25,7,21,2,13
32.40403,-19.24827,213,139,192,100,184
31.0427,-17.8589,75,56,69,36,32
31.77186012,-19.61928,39,45,88,30,61
32.43708038,-17.55014,1250,81,258,214,116
30.28738976,-20.80739,1,2,4,11,6
28.92017,-18.5753,4,0,3,2,0
28.95722008,-18.66917,0,1,0,0,0
30.05653,-20.00344,5,0,0,1,1
28.5965,-20.1828,0,0,0,0,0
28.53306007,-18.3925,39,7,3,7,59
30.48611069,-20.75028,21,10,26,18,29
32.92385864,-17.57161,1246,399,1155,691,813
30.96875,-19.47356,8,4,6,11,15
28.72024918,-20.46828,2,0,0,0,0
28.48785973,-20.41767,2,0,1,0,0
30.11194038,-17.56833,4,13,0,1,4
32.36692047,-18.52292,75,12,21,23,54
31.95266914,-18.70075,23,7,16,20,11
30.61083031,-16.67278,181,167,169,109,270
31.7366,-17.4807,37,26,22,14,14
32.33710861,-18.67436,41,35,74,56,57
32.23868942,-19.50536,186,39,296,132,198
32.15613937,-18.74053,17,14,34,26,47
32.14423,-18.72616,850,339,2125,571,613
29.8180809,-20.9215,13,4,13,7,6
28.98513985,-20.40653,0,0,0,0,0
32.27336121,-17.87047,1179,122,184,132,162
32.3517189,-17.78494,1050,305,328,282,228
28.15155,-21.3633,0,0,0,0,1
28.18771,-17.02508,114,95,535,368,97
29.00630951,-18.93542,0,0,0,0,0
30.30528069,-21.04639,1,1,8,1,2
30.25642014,-19.8555,0,0,0,0,0
30.10186005,-20.75736,7,6,5,2,0
32.27703094,-16.75513,310,260,1129,1054,664
31.00945091,-17.45395,41,6,8,2,9
30.9246006,-17.47368,33,22,18,4,8
30.93087006,-17.61567,5,0,2,2,2
31.64043999,-19.60406,10,13,47,14,26
31.0393,-17.8666,55,19,30,37,13
31.0355,-17.8597,107,63,102,72,70
28.3289,-19.4938,3,0,2,1,1
28.40193939,-19.33056,0,0,0,2,0
29.91980934,-20.48881,18,4,3,2,7
31.20158005,-18.95808,2,4,1,1,0
28.81893921,-20.40375,0,0,0,1,0
29.83498,-18.90588,7,4,1,5,10
28.44166946,-18.94889,13,0,4,2,5
30.21582985,-17.92139,0,2,2,2,2
27.75193977,-18.49389,7,3,11,2,7
28.63129,-19.47221,1,0,0,0,0
31.324,-17.9998,34,12,17,9,9
32.63478088,-19.82197,0,0,0,0,0
28.78556061,-20.52142,0,0,0,0,0
29.79052,-20.27637,1,0,2,2,2
30.69388962,-18.16944,3,13,2,5,6
30.5886097,-18.31833,9,13,5,5,6
26.21412,-18.13872,3,16,13,10,19
29.83839035,-20.33686,9,0,3,0,3
31.88460922,-20.83886,170,175,13,1091,269
27.66749954,-19.15111,0,0,0,0,0
29.92036057,-19.15614,0,4,0,1,1
31.4909,-17.3739,1733,53,48,11,66
30.05381012,-20.62342,8,13,14,1,0
31.60378075,-19.20428,14,10,38,24,16
30.73193932,-18.11389,5,5,5,5,3
30.783,-17.247,0,0,0,0,0
32.27,-17.4119,298,385,92,49,49
31.0461694,-17.7708542,65,56,32,18,31
28.5708,-20.1274,40,39,9,15,14
29.2516098,-19.15281,7,0,0,0,1
29.10956,-20.20814,1,0,1,0,0
30.3904705,-20.71839,5,2,10,4,5
30.02206039,-20.82161,12,7,18,2,4
31.5907,-18.1566,0,0,1,0,4
28.04528046,-18.465,5,1,12,1,18
28.7677803,-17.15861,153,119,157,120,162
30.10250092,-17.94944,21,3,6,3,12
29.15613937,-19.17339,1,2,2,0,0
32.50263977,-18.75283,165,131,181,41,66
31.6835804,-18.70842,17,32,51,14,23
29.9283,-21.99529,0,45,283,204,80
28.90691948,-20.70111,2,0,0,2,2
27.0886097,-18.35889,0,0,0,0,0
31.9343605,-18.53472,54,9,15,17,20
32.9486084,-20.01139,2332,815,623,326,641
27.68917084,-17.94778,20,33,5,25,16
31.7346,-17.5402,26,31,15,6,5
31.01985931,-18.29,1,3,3,4,1
31.71755981,-19.39111,13,12,154,68,31
32.09959,-19.47415,31,73,92,15,80
32.4498,-17.1149,510,165,923,427,256
31.09005928,-18.28439,7,4,5,2,2
30.9297,-17.8669,45,31,47,18,10
31.60444069,-18.8415,9,3,27,5,13
30.57957,-16.86427,201,113,124,78,204
31.82132912,-18.87653,20,8,38,19,7
32.00271988,-18.86703,96,46,71,0,20
30.48917007,-18.55667,5,1,0,0,0
31.15789032,-19.75686,6,14,29,13,19
29.81082916,-17.81028,9,1,4,3,3
32.29872894,-16.61053,122,128,708,297,183
31.84224,-20.14081,93,58,182,141,59
32.65610123,-16.65855,155,54,1081,359,936
30.88978004,-20.53867,30,9,56,50,18
31.65189934,-16.20028,1387,189,681,858,437
32.21847153,-18.50592,40,15,43,12,47
31.59078026,-17.89122,19,53,31,11,20
31.52096,-19.91393,10,2,6,6,6
31.7346096,-19.15669,25,45,135,42,38
30.52471924,-21.30167,53,95,261,109,127
29.78697014,-18.67142,2,1,11,2,0
31.80521965,-19.72236,37,24,150,39,93
31.25351906,-17.52205,44,21,3,7,7
31.30719,-17.459816,378,998,474,9,14
30.50250053,-18.48056,7,3,3,2,1
31.6578,-16.9344,672,186,903,499,968
31.65555954,-19.26678,107,109,216,72,78
30.72167015,-18.58333,5,5,0,2,1
31.789,-17.6546,6,0,0,1,1
30.02639008,-17.27556,175,133,55,35,71
31.7801,-17.6415,151,210,170,106,144
31.779,-17.6581,164,127,155,89,99
31.05356026,-19.20133,4,3,1,0,0
30.60000038,-17.24556,9,5,10,9,9
31.0537796,-20.37325,3,4,51,33,30
32.55638886,-19.38897,201,247,221,187,292
30.25756073,-20.60161,1,1,2,3,3
30.42444038,-21.05917,12,19,45,11,31
30.38694,-20.53392,0,0,0,0,0
31.65306091,-19.94133,41,25,42,7,24
31.83353043,-19.53361,32,7,29,3,17
32.40333176,-20.08361,25,15,76,16,32
30.71863937,-20.20614,15,6,3,11,10
30.58389091,-21.07639,15,14,41,30,13
31.10091972,-19.72333,5,0,4,1,2
31.28597069,-20.60228,22,10,40,19,23
32.3947,-17.4282,1673,165,425,408,374
31.68363953,-19.02072,8,16,11,13,8
32.44081116,-19.16811,373,374,423,571,443
30.49888992,-18.30306,0,5,2,5,0
31.4399395,-20.43994,51,39,229,153,81
28.57860947,-17.84361,8,16,12,26,11
31.97639084,-17.40333,271,128,128,70,84
31.51968956,-19.15311,29,14,64,21,15
30.23905945,-20.92289,12,15,3,5,8
31.07022095,-20.70494,22,14,120,72,35
32.605458,-20.334519,629,662,108,71,144
32.68603134,-19.53492,151,121,100,57,137
32.19499969,-21.01056,201,270,354,329,186
32.67047119,-18.96972,346,362,1273,359,363
31.61568,-16.4288,49,49,52,24,58
32.65393829,-18.55447,309,313,550,684,799
31.9738903,-17.12139,103,233,432,121,156
32.36027908,-20.13417,0,1,0,2,3
32.25355911,-17.41978,110,50,75,51,52
31.96869087,-19.76764,35,57,90,11,34
31.43803024,-19.63433,5,6,20,30,16
32.12044144,-20.93611,667,449,561,475,255
31.71084,-20.20992,172,88,370,425,126
31.037316,-20.104089,0,0,0,0,0
32.06731033,-19.72489,30,28,49,14,59
32.23860931,-17.42342,447,319,269,221,161
30.67638969,-17.14667,38,33,36,33,46
31.08382988,-18.85592,1,1,0,0,0
32.91249847,-20.07528,1191,601,621,487,1652
31.52272034,-16.60139,526,344,312,455,500
29.49193954,-17.94722,13,16,19,2,0
30.70203018,-19.42233,6,1,2,4,2
30.89249992,-16.3925,1448,2014,3399,1593,2672
31.97167015,-19.58381,60,33,85,22,57
30.58250046,-18.54444,3,2,2,0,1
30.52086067,-19.29036,7,13,13,13,9
30.855,-17.03112,64,51,51,45,83
29.7761097,-16.67167,1396,1390,327,219,672
31.48681068,-17.76875,258,259,362,28,43
26.56056023,-18.18333,16,10,32,24,34
30.625022,-21.3625022,47,25,150,83,52
29.7045002,-20.77317,269,121,712,387,201
30.70000076,-21.41417,0,0,0,0,0
31.23664093,-19.05522,0,2,0,0,0
28.5696,-20.1395,13,7,10,5,3
29.13558006,-20.65025,1,2,0,0,0
28.50527954,-20.69019,0,0,1,0,1
31.32192039,-20.18517,27,40,123,71,55
27.7508297,-20.36611,0,1,0,0,0
25.98389053,-18.10083,9,10,15,6,4
31.87491989,-18.55028,11,13,14,8,7
28.24110985,-17.19278,112,88,403,673,65
30.75917053,-16.51056,870,117,239,512,1024
30.35491943,-20.68572,10,4,3,6,9
30.60277939,-20.82833,14,6,28,19,20
31.58967,-17.76112,48,50,92,13,5
30.92044067,-20.27436,5,5,43,40,9
31.68405914,-19.83439,6,37,54,15,44
31.367537,-20.281069,26,37,91,103,46
31.50015068,-16.58956,232,196,345,296,840
28.25305939,-17.44139,51,26,71,69,69
31.35038948,-19.28703,3,4,16,11,7
30.64666939,-20.94083,241,36,139,67,43
28.8116703,-18.72778,1,0,0,1,2
32.57444,-20.09583,93,84,112,38,93
32.56972122,-19.98972,28,35,14,10,18
32.87152863,-18.58803,292,203,284,158,316
30.63249969,-18.65417,8,3,2,0,7
30.72394,-20.43699,0,0,0,0,0
31.68431091,-20.28881,127,76,324,343,100
30.80264091,-20.80253,74,48,121,92,43
30.42119026,-20.78594,4,0,2,5,0
28.37972069,-18.57667,3,0,2,0,0
31.80083084,-17.37111,125,84,106,111,96
31.50555992,-18.85081,7,7,6,0,4
31.17119026,-19.07433,7,6,5,2,2
32.1656189,-16.57892,558,485,1367,354,160
30.22019005,-19.61906,55,51,144,98,42
28.77243996,-20.20519,0,0,0,0,1
31.93446922,-17.87206,165,71,99,57,84
29.20549965,-21.70358,9,6,30,10,18
28.5329,-20.1345,6,1,4,5,1
29.42378044,-20.48781,2,0,3,0,2
28.89138985,-19.00056,5,6,2,3,1
28.534,-20.2003,6,1,8,11,5
29.65280914,-19.20103,0,0,0,0,0
28.5202,-20.1889,6,1,7,2,3
27.88861084,-20.10056,1,2,0,0,0
29.16777992,-17.51306,14,27,16,23,25
28.5906,-20.1268,9,5,7,4,5
30.6875,-17.88694,61,30,64,26,41
29.63697052,-22.12217,2,3,38,12,8
30.00781059,-22.22078,0,0,0,0,0
31.46928024,-21.02481,1,0,0,1,0
28.98477936,-20.55722,0,1,0,1,1
27.35250092,-20.39194,0,0,0,0,0
29.40489006,-19.17239,0,2,0,0,0
28.84556007,-19.97944,0,0,1,0,0
29.33472061,-18.80214,14,0,0,1,1
28.88607979,-21.35731,4,2,10,5,1
28.79100037,-20.15072,0,0,1,0,1
29.52721977,-17.85306,53,14,15,9,10
30.8116703,-17.67361,23,11,15,15,7
32.025,-17.422,1946,1322,762,659,251
31.96282,-17.49227,198,229,114,38,48
32.9217186,-17.75789,183,91,134,85,135
32.93111038,-18.18917,44,42,19,16,51
32.36872101,-19.11756,136,82,137,91,149
32.82271957,-19.94106,274,192,245,69,199
30.98888969,-20.82406,129,62,314,186,123
32.4030304,-17.93886,396,108,138,119,52
32.88816834,-16.81739,992,492,1785,656,1326
32.3223114,-18.46983,82,44,35,34,55
28.79750061,-18.55222,9,1,0,0,0
31.16732979,-20.60147,69,31,103,119,63
30.62805939,-16.75167,63,27,44,32,62
32.19194031,-16.9025,202,165,679,615,687
31.13680077,-17.02013,120,28,23,13,34
31.359695,-20.460264,27,20,82,154,68
29.34163,-19.21865,3,0,0,0,1
29.76721954,-16.40694,77,0,0,0,0
31.88368988,-16.70283,733,342,800,721,391
29.43638992,-16.40389,677,650,305,115,340
28.26556015,-19.85889,0,0,0,0,0
32.50497055,-16.87269,405,301,1675,496,673
32.86571884,-16.96828,723,309,1170,1224,1451
32.95360947,-17.8625,581,137,190,83,179
31.41414,-16.9515,226,96,156,95,137
29.53471947,-18.19917,16,3,9,2,17
32.65531158,-17.20389,1543,516,1603,489,1052
32.10972977,-16.73908,160,118,249,218,194
30.5915,-16.08729,1464,450,1113,448,700
31.00374985,-18.81919,3,1,6,0,6
30.75778008,-16.85139,38,14,26,18,39
29.19528008,-16.885,189,259,414,258,122
28.84832954,-16.51806,9,7,0,5,5
32.08721924,-18.93989,63,69,74,41,117
29.30438995,-20.90644,0,0,0,0,0
32.55833054,-17.75681,0,0,0,0,0
32.31850052,-17.07097,282,114,753,904,345
32.26243,-18.00061,1145,140,257,105,140
31.61743927,-17.62108,229,185,143,47,84
32.35602951,-17.63819,771,145,281,596,134
32.25418854,-17.25403,2959,3639,1032,699,638
32.75753021,-18.22828,412,117,112,79,193
31.7523098,-20.68347,385,351,769,515,198
29.92667007,-16.86639,919,1169,340,158,301
32.78535843,-18.02061,0,0,0,0,0
32.42192078,-19.78694,351,307,879,427,540
32.30472183,-16.78028,641,289,980,649,586
29.43693924,-17.73222,240,132,77,116,27
32.65750122,-18.2235,141,97,62,43,158
31.87122,-19.28324,16,19,46,23,11
32.6720314,-18.01797,286,90,151,48,81
31.27144051,-17.62294,285,359,181,9,4
32.6550293,-17.84089,516,231,360,227,376
30.68371964,-19.65475,5,2,1,0,3
31.36051941,-17.56392,251,158,83,14,13
32.22460938,-18.75678,37,24,60,35,66
32.17139053,-18.72089,74,53,126,95,51
31.36735916,-19.40494,2,11,13,13,6
31.13047,-18.21594,19,10,2,10,6
31.58885956,-20.00586,36,48,85,58,44
30.65077972,-18.97053,4,2,3,0,0
31.2206707,-20.85339,145,69,224,220,134
29.33756065,-18.96747,2,1,3,0,3
32.13711166,-17.66817,617,410,186,175,96
32.37125015,-19.35089,40,19,133,45,42
31.05260086,-17.0807,57,26,20,11,20
29.50638962,-17.53444,22,14,8,4,15
31.85753059,-20.42022,384,293,620,311,317
32.38896942,-18.96922,439,346,520,253,229
31.45088959,-21.42189,112,48,323,166,89
32.58803177,-18.90747,137,119,271,197,216
29.84749985,-18.28083,100,4,1,33,9
31.1565,-17.8848,153,90,143,76,73
31.7713604,-16.56711,270,137,641,409,366
31.35771942,-21.94103,614,113,895,508,237
32.80582809,-20.11056,1430,278,269,250,224
30.04083061,-19.93808,1,1,3,2,0
30.0433,-17.8122,160,235,173,133,208
27.40056038,-18.20806,49,35,24,33,16
31.90032959,-16.57581,582,355,2085,926,1253
31.61775017,-20.18919,16,8,7,13,18
27.80888939,-20.49667,6,4,1,1,1
31.33509,-17.30905,4,4,4,2,4
31.90518951,-20.78747,1478,1784,2150,573,239
31.12093925,-17.57222,37,21,22,9,11
32.54691,-18.90384,179,208,407,189,320
28.5898,-20.1559,14,5,13,14,6
29.98527908,-22.22269,0,0,0,0,0
29.89131,-18.34622,0,0,0,0,0
30.20319,-17.36414,0,0,0,0,0
27.09139061,-19.59306,0,1,5,2,0
28.4789,-20.1622,5,4,4,1,2
28.6463,-19.8848,1,0,0,1,0
30.43055916,-17.03694,232,135,137,38,147
31.6062,-18.1825,5,0,0,0,0
31.65449905,-19.13994,16,44,40,13,32
31.00064087,-19.02097,0,0,0,1,669
32.80611038,-20.24639,1280,673,573,136,228
30.65422058,-20.71986,2,10,8,11,0
29.78238,-19.0226,5,1,4,3,0
32.67213821,-18.871,82,69,219,66,125
28.41426,-19.73884,0,0,0,0,1
32.88499832,-17.86889,873,186,161,132,175
31.17053032,-20.63819,8,7,12,13,14
31.5133,-18.3724,4,2,7,3,5
32.39305878,-20.5475,343,205,754,314,138
30.95043945,-18.48839,27,3,11,0,5
32.43861008,-18.55803,9,14,17,5,23
29.43556023,-18.46828,0,0,3,1,3
29.99041,-16.99737,564,137,30,53,129
30.30810928,-19.75194,0,1,1,0,3
31.04725075,-17.134,325,73,43,33,33
32.81055832,-20.02167,16,30,17,14,28
32.62435913,-19.16856,114,98,155,100,107
29.09388924,-17.77472,95,2,22,22,12
32.55397034,-18.11878,348,78,100,30,137
30.8374691,-20.08433,90,59,52,33,53
31.06792068,-20.26822,6,8,34,22,14
32.08377838,-18.8045,26,29,98,40,56
32.85655975,-18.63775,235,109,197,93,119
32.18284988,-16.62985,84,76,209,121,186
32.13636017,-18.53892,189,91,164,298,163
32.02153015,-16.63225,407,215,532,475,424
31.5182209,-17.87261,81,86,71,26,27
30.13622093,-19.90139,3,0,0,0,0
32.86471939,-20.03361,62,36,36,26,49
31.28075027,-17.06137,1486,94,55,41,110
31.4331,-17.9916,0,6,12,0,0
31.30443954,-22.10658,210,52,765,280,151
31.41953087,-18.75014,6,3,2,4,2
29.77346,-19.0084,1,0,1,2,3
30.72944069,-21.23778,163,81,625,338,181
31.56554985,-17.55588,2938,3273,966,54,50
30.9861,-17.9065,101,55,77,30,60
31.23760986,-17.89006,56,46,91,57,62
31.2418,-17.8966,54,34,42,22,26
31.23513985,-17.90167,62,48,35,33,18
30.79528046,-16.71917,254,84,121,126,271
30.63055992,-18.44833,2,2,3,5,1
30.13646,-20.39601,1,0,0,1,1
31.40797043,-18.83706,24,34,14,6,13
32.55828094,-18.50056,18,26,26,17,34
26.97443962,-18.65611,0,0,0,0,0
33.00286102,-18.32481,701,241,526,296,633
28.32860947,-18.25861,6,3,0,7,12
32.65156174,-18.98944,0,1,1,0,0
32.64739,-18.99012,0,0,0,0,0
32.65560913,-18.60747,82,71,114,62,78
27.18993,-19.48617,1,0,2,0,0
29.45247078,-18.33406,0,0,0,0,1
31.37443924,-22.23522,163,65,1152,264,93
29.55517006,-20.68947,3,0,2,2,0
29.93564034,-20.92094,7,7,17,5,4
30.66167068,-18.08361,0,2,15,4,2
31.7505,-18.7824,13,7,19,6,5
28.70027924,-21.40547,3,0,3,1,0
29.30916977,-17.95278,0,0,0,0,0
29.24333,-17.99083,900,290,122,97,99
28.00213,-21.10654,0,0,0,1,0
29.38517,-20.84809,0,0,5,0,2
30.1225605,-18.98881,1,0,5,2,4
28.46138954,-18.67028,3,0,0,1,0
31.0943,-18.0152,60,18,33,11,6
31.0763,-18.0314,37,29,63,29,44
32.65763855,-18.53556,34,32,23,19,36
30.44861031,-18.06861,2,3,19,9,9
28.97450066,-21.37139,7,0,9,6,1
31.48711014,-18.74408,14,4,5,1,2
29.43572044,-18.58403,3,3,10,0,0
30.88368988,-19.51861,7,7,12,2,6
28.73500061,-17.95472,1,0,0,1,0
28.71249962,-18.955,21,11,14,28,25
27.7239,-20.043,0,0,0,0,0
30.06206,-20.32071,4,0,0,2,1
30.22278023,-22.10489,58,20,223,125,38
31.63931084,-17.87231,57,46,70,23,37
29.97025,-17.90262,5,1,1,8,5
31.57016945,-17.32711,563,96,76,117,145
31.56876946,-17.31627,106,23,28,21,13
31.65769005,-17.25022,3,1,2,0,2
29.37375069,-19.78414,1,4,0,3,5
29.32243919,-22.10292,9,4,68,56,26
32.80480957,-18.77103,9,23,18,5,10
32.53636169,-18.64078,33,23,73,52,28
29.8062191,-18.82453,14,1,2,7,2
30.85036087,-20.87186,32,13,130,73,57
32.4394989,-17.00806,400,240,755,462,474
32.60668945,-19.75481,143,101,119,54,123
30.72360992,-16.70667,74,45,45,19,72
31.0854702,-20.43675,26,14,34,33,12
31.19999,-17.02617,951,69,37,10,36
31.56767082,-18.92444,13,9,19,8,15
30.9691906,-20.42275,15,16,68,29,26
30.0011692,-19.67286,11,6,19,17,8
31.13912964,-17.07427,310,35,26,9,27
28.04389,-17.47472,121,155,95,200,55
27.4339,-17.6948,0,0,0,0,0
27.21916962,-17.98333,167,197,638,572,80
29.46838951,-18.43989,1,3,9,5,0
28.35322,-21.39627,0,0,1,0,1
27.35356,-19.78716,1,0,2,0,0
27.89916992,-20.35278,0,1,1,1,0
28.48749924,-18.7825,6,0,2,3,6
29.30458069,-19.00511,4,2,10,5,2
31.68678093,-20.02347,3,7,82,13,13
32.68444061,-19.98972,49,5,27,30,22
29.11927986,-18.92169,0,0,0,1,0
26.72417068,-18.11028,76,63,115,55,67
27.25738,-17.78883,88,75,274,1460,571
28.75761032,-20.75217,0,0,1,0,0
27.60401,-17.69109,34,17,40,44,19
27.8232,-17.5689,49,17,33,26,24
29.54654,-20.93315,4,1,0,0,1
29.31760979,-20.78678,2,3,3,0,2
30.0505,-19.4184,0,0,0,0,0
27.65500069,-19.28667,8,0,2,1,7
28.8005,-20.8209,0,0,3,1,0
28.35139084,-18.74306,1,1,1,0,0
30.50431061,-19.68994,0,2,1,0,0
31.4861908,-20.43864,90,61,104,76,51
27.08416939,-19.39889,4,0,0,1,1
28.16028023,-20.19278,4,4,1,4,0
29.66994095,-19.70069,0,1,1,0,0
31.20718956,-19.45097,8,14,17,9,6
31.0089,-17.8663,13,11,7,3,7
32.0993,-16.996,476,253,793,242,253
32.54565,-18.3711,58,55,29,45,62
31.26667023,-16.57083,197,186,224,160,294
32.34072113,-19.42161,86,49,178,92,128
28.332,-21.1696,0,0,0,0,0
32.6554985,-18.87431,203,280,599,236,313
32.47352982,-18.50311,38,21,38,16,38
28.0553,-19.9505,0,0,0,2,0
32.12078094,-20.82314,327,318,384,299,132
32.62497,-18.99814,197,263,218,51,38
31.1964,-17.7514,161,190,852,286,295
28.27392006,-21.25297,0,0,0,1,0
27.96861076,-19.10972,5,3,2,2,4
31.0427,-17.9947,37,30,32,19,7
32.45042038,-17.90319,8,0,2,0,1
30.67889023,-18.56667,1254,213,378,669,239
29.90280914,-19.22369,0,1,1,1,0
26.5122,-18.3289,40,8,20,18,12
28.11388969,-19.02028,2,2,2,6,5
31.5858593,-17.75058,192,175,108,71,72
32.21527863,-20.77111,136,190,341,460,157
32.93996811,-18.45806,2000,1100,1405,731,989
32.80596924,-16.75703,192,339,1057,810,1941
29.69277954,-17.76917,9,3,12,12,10
31.91918945,-18.58714,6,2,5,7,7
30.63485909,-19.71856,27,12,30,19,15
32.71035,-19.1165,72,153,223,144,168
31.00902,-20.04842,0,1,0,1,0
30.96113014,-17.51272,10,0,1,2,1
30.70318985,-19.97103,3,2,4,4,3
31.0543,-17.8684,43,22,37,19,14
29.97694016,-18.15806,0,0,0,0,0
32.40539169,-17.17456,661,188,781,591,324
30.59277916,-17.40056,34,25,17,5,16
30.25432968,-19.57464,1,3,3,0,0
28.77750015,-18.06028,28,7,6,16,38
30.13594055,-20.58678,1,0,5,4,0
31.55732918,-20.556,170,71,311,338,152
29.40386009,-21.87125,15,15,71,35,22
31.2135,-17.8316,0,0,0,0,0
30.3073101,-20.33397,2,5,7,2,1
31.61624,-17.02528,374,130,256,96,268
31.1522,-17.2316,344,39,39,16,34
30.30574989,-19.88975,1,0,0,0,0
32.02088928,-18.56839,73,26,26,53,28
32.35055923,-20.11056,217,198,381,307,328
32.93761063,-19.97231,0,0,0,0,0
30.71906,-18.80102,1,7,9,2,1
28.5193,-20.0781,0,0,0,0,0
29.61166954,-17.29056,163,1752,383,26,130
28.1923,-19.9487,0,1,0,1,0
28.5559,-20.1472,0,0,0,0,0
32.97296906,-19.90747,105,131,124,30,86
27.18206,-18.26125,13,7,7,22,3
31.45027924,-19.75394,9,6,11,17,17
30.25167084,-19.47556,1,1,1,1,1
32.88388824,-18.0175,120,154,192,138,254
32.30638886,-20.34806,1,1,5,1,8
30.20760918,-19.72044,64,53,241,238,238
30.04042053,-21.93567,7,4,9,14,23
29.10388947,-18.08111,67,28,246,114,54
29.73644066,-19.02261,10,5,5,3,5
30.33333015,-17.58389,13,10,8,5,21
30.45889091,-17.54139,17,9,5,10,9
31.47485924,-21.04056,331,103,1035,752,337
32.47303009,-18.43531,51,18,18,18,32
31.28507996,-17.33128,36,13,16,17,5
31.55611038,-16.82555,393,346,604,164,381
32.10678101,-18.61947,26,23,49,43,57
28.5358,-20.1744,15,1,6,6,4
28.48802948,-21.35383,3,1,7,4,5
27.74806023,-21.00333,0,0,0,0,0
27.75527954,-19.77278,3,0,3,3,0
31.68841934,-21.039,557,336,1656,1687,496
32.6032486,-18.68836,177,121,294,120,143
29.14249992,-17.61306,22,19,16,31,17
31.05647087,-17.36563,1171,161,80,59,59
30.27693939,-18.67639,11,9,11,4,9
28.79389,-19.71306,1,4,1,0,0
32.484827,-20.541155,525,166,94,78,52
30.10364,-18.58832,10,2,2,0,4
30.18333054,-17.0475,216,434,33,25,57
28.6168,-20.1664,7,37,29,3,6
31.30097008,-18.97331,6,0,1,2,0
30.71833038,-17.08694,15,14,17,12,20
32.1538887,-20.93722,269,161,250,186,128
32.11877823,-18.55675,78,64,123,78,164
31.31711006,-20.38519,20,16,85,94,71
25.82611084,-17.94389,14,29,27,15,25
25.84274,-17.93138,0,0,1,0,0
27.52388954,-20.39056,0,0,0,0,0
32.0907,-17.8553,1325,434,361,192,243
31.12155,-17.37307,218,81,36,19,12
30.18968964,-20.47197,1,1,1,0,1
29.87214088,-20.26669,1,4,1,0,0
28.18426,-17.76407,181,331,304,343,87
32.81328,-19.04207,1,8,5,50,32
28.92378044,-20.88653,1,0,4,0,0
29.4722805,-19.40322,0,0,0,0,0
30.38402939,-20.93614,8,4,27,7,10
31.3857,-18.2567,0,0,0,0,0
31.57036018,-17.30539,2074,213,355,193,321
29.58552933,-20.57447,4,1,0,1,0
29.73971939,-20.56978,7,2,0,0,0
30.9782,-17.8338,83,24,44,31,21
31.0308,-17.8903,37,28,54,25,43
31.93400002,-17.88836,173,77,81,24,50
30.68638992,-18.32444,8,9,3,0,1
29.9191,-18.34768,13,1,8,8,3
31.23793983,-19.002,0,2,0,0,2
30.1148,-20.23495,1,0,0,2,1
31.79039001,-18.23633,28,2,12,9,12
29.3689,-21.0709,7,3,12,6,3
30.9804,-17.8949,45,36,54,22,14
31.17144012,-18.87272,5,0,0,0,1
32.47750092,-20.69972,734,582,2473,1971,328
31.12188911,-20.2025,10,4,21,17,19
31.0582,-18.0066,31,14,28,19,23
28.77305985,-19.07,1,0,0,0,1
26.5141,-18.3306,42,2,3,2,0
29.50341988,-21.62461,7,9,62,42,13
31.2097,-18.1457,8,2,1,2,3
28.06110954,-18.225,16,1,3,11,19
28.31306076,-17.44139,52,15,39,33,29
29.38493919,-18.70336,4,2,10,0,19
29.29006004,-20.64019,4,0,0,3,0
31.55372047,-20.45111,77,84,165,131,82
32.62342072,-19.10036,370,299,992,300,219
30.85433006,-20.06789,12,0,10,0,2
30.85519028,-19.95311,3,5,6,6,2
32.93635941,-18.38922,286,157,399,273,410
31.58646965,-19.81789,20,18,63,22,44
28.98806,-19.07778,0,0,1,0,0
32.73611069,-20.43722,475,361,323,120,158
32.58778,-18.78931,130,128,268,83,185
30.04972076,-17.805,1,1,4,3,1
26.51302,-18.34558,2,0,2,1,0
25.8373,-17.92907,3,6,3,2,0
29.88138962,-17.67361,14,9,8,13,19
32.15258026,-19.22053,95,57,88,23,108
30.13594055,-19.80181,3,12,9,6,4
30.22117043,-19.5565,0,0,0,0,0
31.35560989,-19.57472,36,16,30,10,29
30.19889069,-17.69917,8,7,9,10,12
29.21027946,-16.98306,168,215,180,46,119
32.1910286,-19.33794,116,94,146,52,113
30.05238914,-20.30581,18,12,24,10,20
32.57098,-18.57828,16,10,6,9,0
25.95471954,-18.01361,368,136,929,535,0
32.83279,-20.30563,4914,731,598,254,0
31.72294044,-18.96144,9,7,12,3,0
